{
  "header": {
    "Home": "Home",
    "Courses": "Courses",
    "Teacher": "Teacher",
    "About": "About",
    "OurTeachers": "Our Teachers",
    "Reviews": "Reviews",
    "Contact": "Contact",
    "Signup": "Signup",
    "Signin": "Signin",
    "Meetourteam": "Meet Our Team"
  },
  "About": {
    "Signuptoday": "Register today!",
    "Fullname": "Fullname",
    "FirstName": "First Name",
    "lastName": "Last Name",
    "NickName": "Nick Name",
    "YourEmailaddress": "Your Email address",
    "YourPassowrd": "Your Passowrd",
    "GetStarted": "Get Started",
    "leftheading": "Start your path to a better life",
    "leftSub1": "Free Lesson",
    "leftSubpara1": "Upon registration, we offer access to one lesson from the selected course completely free of charge. This is an excellent opportunity to see how our practical training can contribute to your development without any financial obligations.",
    "leftSub2": "Professional Teachers",
    "leftSubpara2": "Professional Teachers Our experienced teachers will guide you through every stage of learning, providing the knowledge and skills necessary to achieve success in your industry. We offer lessons at any language level, allowing for personal and professional development.",
    "leftSub3": "Free Disk Space",
    "leftSubpara3": "We provide each participant of our courses with free disk space. This is an excellent solution for storing educational materials, homework, and projects. As a result, you have the convenience of accessing your resources at any place and time, which supports effective learning and better organization of materials"
  },
  "Reviews": {
    "heading": "Reviews From Our Students",
    "subheading": "from all over the world",
    "Review1_Name": "Takuya",
    "Review1_Designation": "Art Director",
    "Review1_Content": "Good atmosphere and effective teaching method. I'm very happy!",
    "Review2_Name": "Isabelle",
    "Review2_Designation": "student",
    "Review2_Content": "Student, Opinion: Great school, teachers are very professional and helpful. I would highly recommend",
    "Review3_Name": "Justyna",
    "Review3_Designation": "Doctor",
    "Review3_Content": "The classes are engaging and the atmosphere is supportive. I love this school."
  },
  "Contact": {
    "heading": "Contact Us",
    "subheading": "We love conversations. Let us talk!",
    "EnterFullName": "Enter Full Name",
    "EnterEmail": "Enter Email Address",
    "message": "Write Your Message",
    "SendMessage": "Send Message"
  },
  "Foot": {
    "Contactinfo": "Contact Info",
    "Receivenews!": "Receive news !",
    "Enteryouremail": "Enter your email",
    "Sendme": "Send me",
    "footerspam": "* Please note - we do not spam your email",
    "Refund": "Refund & Conditions",
    "Privacy": "Privacy Policy",
    "Headquarter": "Headquarter"
  },
  "Teacher": {
    "BookAFreeTrial": "Book a Free Trial"
  },
  "Signupform": {
    "heading": "Please SignUp!",
    "firstName": "firstName",
    "lastName": "lastName",
    "Nickname": "Nickname",
    "Email": "Email",
    "Password": "Password",
    "SignUp": "SignUp",
    "Close": "Close"
  },
  "Signinform": {
    "heading": "Sign In",
    "Email": "Email",
    "Password": "Password",
    "Forgot": "Forgot Password ?",
    "Recover": "Recover Now",
    "Submit": "Submit",
    "Close": "Close"
  },
  "StudentDash": {
    "heading": "Speakable English",
    "panel": "Welcome to Student Panel !",
    "panelheading1": "Dashboard",
    "panelheading2": "Profile",
    "panelheading3": "Packages",
    "panelheading4": "Bookings",
    "panelheading5": "Payments",
    "panelheading6": "Enquiries",
    "panelheading7": "Logout",
    "panelheading8": "Menu",
    "Close": "Close",
    "upperhead1": "Student Dashboard",
    "upperhead2": "Total Lectures",
    "upperhead3": "Complete Sessions",
    "upperhead4": "Remaining Sessions",
    "upperhead5": "Cancelled Sessions",
    "tableheading1": "Teacher Name",
    "tableheading2": "Scheduled_Dates",
    "tableheading3": "Status",
    "tableheading4": "Join Button"
  },
  "StudentProfile": {
    "FirstName": "FirstName",
    "LastName": "LastName",
    "Nickname": "Nickname",
    "hasOwncloudAccount": "hasOwncloudAccount",
    "Email": "Email",
    "Address": "Address",
    "Phone": "Phone",
    "StudentId": "Student Id",
    "Edit": "Edit Your Profile"
  },
  "StudentPackage": {
    "Packages": "Packages",
    "TeachersAssigned": "Teachers Assigned",
    "NumberofLectures": "Number of Lectures",
    "Amount": "Amount",
    "BookNow": "Book Now"
  },
  "StudentBooking": {
    "header": "Booking Table",
    "PackageName": "Package Name",
    "TeacherName": "Teacher Name",
    "Scheduled_Dates": "Scheduled_Dates",
    "Status": "Status",
    "JoinButton": "Join Button",
    "Action": "Action",
    "FOOTER": "No Bookings available"
  },
  "Studentpayment": {
    "header": "Payment Table",
    "PackageName": "Package Name",
    "CourseName": "Course Name",
    "TeachersName": "Teacher's Name",
    "StudentName": "Student Name",
    "Status": "Status",
    "Amount": "Amount",
    "Method": "Method",
    "Invoice": "Invoice"
  },
  "StudentEnquiry": {
    "header": "Enquiry Students Table",
    "AddEnquiry": "Add Enquiry",
    "Name": "Name",
    "Email": "Email",
    "Message": "Message"
  },
  "TeacherProfile": {
    "Email": "Email",
    "Address": "Address",
    "Phone": "Phone",
    "Description": "Description",
    "ShortTitle": "Short Title",
    "Availability": "Availability",
    "TimeZone": "Time Zone",
    "TimeZoneselect": "Select Time Zone",
    "EditAvailability": "Edit Availability"
  },
  "TeacherDash": {
    "head": "Teacher Dashboard",
    "Subhead1": "Total Income",
    "Subhead2": "Total Lectures",
    "Subhead3": "Complete Sessions",
    "Subhead4": "Remaining Sessions",
    "Subhead5": "Cancelled Sessions",
    "Meetings": "Meetings",
    "Meetingshead1": "Student Name",
    "Meetingshead2": "Scheduled_Dates",
    "Meetingshead3": "Status",
    "Meetingshead4": "Join Button",
    "JoinRoom": "Join Room",
    "YourMaterial": "Your Material",
    "footer": "No Bookings available",
    "Events": "Events - 2023 to 2024"
  },
  "TeacherDashboard": {
    "head": "Speakable English",
    "panel": "Welcome to Teachers Panel !",
    "subhead1": "Dashboard",
    "subhead2": "Profile",
    "subhead3": "Courses",
    "subhead4": "Bookings",
    "subhead5": "Logout",
    "Menu": "Menu",
    "Close": "Close"
  },
  "TeacherCourses": {
    "head": "Your Assigned Courses"
  },
  "TeacherBookings": {
    "head": "Booking Table",
    "Meetingshead1": "Student Name",
    "Meetingshead2": "Scheduled_Dates",
    "Meetingshead3": "Status",
    "Meetingshead4": "Join Button",
    "JoinRoom": "Join Room",
    "footer": "No Bookings available"
  },
  "AdminDashboard": {
    "heading": "Speakable English",
    "panel": "Welcome Admin !",
    "subheading1": "Dashboard",
    "subheading2": "Teachers",
    "subheading3": "Students",
    "subheading4": "Courses",
    "subheading5": "Bookings",
    "subheading6": "Enquiries",
    "subheading7": "Payments",
    "subheading8": "Packages",
    "subheading9": "Logout",
    "subheading10": "Menu",
    "subheading11": "Close"
  },
  "AdminDash": {
    "head": "My Dashboard",
    "panel": "Welcome To Speakable English",
    "subheading1": "12th Top Of the Year, 2024",
    "subheading2": "Students",
    "subheading3": "Teachers",
    "subheading4": "Total Income",
    "subheading5": "Student List",
    "subtable1": "Name",
    "subtable2": "Email",
    "subtable3": "Phone Number"
  },
  "AdminTeachers": {
    "heading": "Teachers Table",
    "Addteacher": "Add Teachers",
    "Profile": "Profile",
    "footer": "No teachers available."
  },
  "AdminStudent": {
    "heading": "Students Table",
    "AddStudent": "Add Students",
    "Profile": "Profile",
    "footer": "No students available."
  },
  "AdminCourses": {
    "heading": "Your Assigned Courses",
    "Addcourses": "Add Course",
    "teachers": "Teachers Assigned",
    "editcourses": "Edit Course",
    "deletecourses": "Delete Course",
    "footer": "No courses available."
  },
  "AdminBookings": {
    "heading": "Booking Table",
    "subheading1": "Package Name",
    "subheading2": "Student Name",
    "subheading3": "Teacher Name",
    "subheading4": "Status",
    "subheading5": "Scheduled Date",
    "subheading6": "Actions",
    "subheading7": "Join Button",
    "subheading8": "Join Room",
    "footer": "No Bookings Available."
  },
  "AdminEnquiries": {
    "heading": "Enquiry Students Table",
    "subheading1": "Name",
    "subheading2": "Email",
    "subheading3": "Message",
    "subheading4": "Actions",
    "footer": "No enquiries available"
  },
  "AdminPayments": {
    "heading": "Payments Table",
    "subheading1": "Package Name",
    "subheading2": "Course Name",
    "subheading3": "Teacher's Name",
    "subheading4": "Student Name",
    "subheading5": "Status",
    "subheading6": "Amount",
    "subheading7": "Method",
    "subheading8": "Invoice",
    "footer":"No payments available"
  },
  "AdminPackages":{
    "heading": "Packages Table",
    "subheading1": "Package Name",
    "subheading2": "Teacher's ID",
    "subheading3": "Teacher's Name",
    "subheading4": "Course ID",
    "subheading5": "Course Name",
    "subheading6": "Amount",
    "subheading7": "Number of Lectures",
    "subheading8": "is Free",
    "subheading9": "Actions",
    "footer":"No packages available."
  }
}
