{
  "header": {
    "Home": "Home",
    "Courses": "Courses",
    "Teacher": "Teacher",
    "About": "About",
    "OurTeachers": "Our Teachers",
    "Reviews": "Reviews",
    "Contact": "Contact",
    "Signup": "Signup",
    "Signin": "Signin",
    "Meetourteam": "Meet Our Team"
  },
  "About": {
    "Signuptoday": "Register today!",
    "Fullname": "Fullname",
    "FirstName": "First Name",
    "lastName": "Last Name",
    "NickName": "Nick Name",
    "YourEmailaddress": "Your Email address",
    "YourPassowrd": "Your Passowrd",
    "GetStarted": "Get Started",
    "leftheading": "Start your path to a better life",
    "leftSub1": "Free Lesson",
    "leftSubpara1": "Upon registration, we offer access to one lesson from the selected course completely free of charge. This is an excellent opportunity to see how our practical training can contribute to your development without any financial obligations.",
    "leftSub2": "Professional Teachers",
    "leftSubpara2": "Professional Teachers Our experienced teachers will guide you through every stage of learning, providing the knowledge and skills necessary to achieve success in your industry. We offer lessons at any language level, allowing for personal and professional development.",
    "leftSub3": "Free Disk Space",
    "leftSubpara3": "We provide each participant of our courses with free disk space. This is an excellent solution for storing educational materials, homework, and projects. As a result, you have the convenience of accessing your resources at any place and time, which supports effective learning and better organization of materials"
  },
  "Reviews": {
    "heading": "Reviews From Our Students",
    "subheading": "from all over the world",
    "Review1_Name": "Takuya",
    "Review1_Designation": "Art Director",
    "Review1_Content": "Good atmosphere and effective teaching method. I'm very happy!",
    "Review2_Name": "Isabelle",
    "Review2_Designation": "student",
    "Review2_Content": "Student, Opinion: Great school, teachers are very professional and helpful. I would highly recommend",
    "Review3_Name": "Justyna",
    "Review3_Designation": "Doctor",
    "Review3_Content": "The classes are engaging and the atmosphere is supportive. I love this school."
  },
  "Contact": {
    "heading": "Contact Us",
    "subheading": "We love conversations. Let us talk!",
    "EnterFullName": "Enter Full Name",
    "EnterEmail": "Enter Email Address",
    "message": "Write Your Message",
    "SendMessage": "Send Message"
  },
  "Foot": {
    "Contactinfo": "Contact Info",
    "Receivenews!": "Receive news !",
    "Enteryouremail": "Enter your email",
    "Sendme": "Send me",
    "footerspam": "* Please note - We don't spam your email",
    "Refund": "Refund & Conditions",
    "Privacy": "Privacy Policy",
    "Headquarter": "Headquarter"
  },
  "Teacher": {
    "BookAFreeTrial": "Book a Free Trial"
  },
  "Signupform": {
    "heading": "Please SignUp!",
    "firstName": "firstName",
    "lastName": "lastName",
    "Nickname": "Nickname",
    "Email": "Email",
    "Password": "Password",
    "SignUp": "SignUp",
    "Close": "Close"
  },
  "Signinform": {
    "heading": "Sign In",
    "Email": "Email",
    "Password": "Password",
    "Forgot": "Forgot Password ?",
    "Recover": "Recover Now",
    "Submit": "Submit",
    "Close": "Close"
  },
  "StudentDash": {
    "heading": "Speakable English",
    "panel": "Welcome to Student Panel !",
    "panelheading1": "Dashboard",
    "panelheading2": "Profile",
    "panelheading3": "Packages",
    "panelheading4": "Bookings",
    "panelheading5": "Payments",
    "panelheading6": "Enquiries",
    "panelheading7": "Logout",
    "panelheading8": "Menu",
    "Close": "Close",
    "upperhead1": "Student Dashboard",
    "upperhead2": "Total Lectures",
    "upperhead3": "Complete Sessions",
    "upperhead4": "Remaining Sessions",
    "upperhead5": "Cancelled Sessions",
    "tableheading1": "Teacher Name",
    "tableheading2": "Scheduled_Dates",
    "tableheading3": "Status",
    "tableheading4": "Join Button",
    "Meetings":"Meetings",
    "JoinRoom":"JoinRoom",
    "YourMaterial":"Your Material",
    "footer":"No Bookings available",
    "date":"data",
    "Events":"Events - 2023 to 2024"
  },
  "StudentProfile": {
    "FirstName": "FirstName",
    "LastName": "LastName",
    "Nickname": "Nickname",
    "hasOwncloudAccount": "hasOwncloudAccount",
    "Email": "Email",
    "Address": "Address",
    "Phone": "Phone",
    "StudentId": "Student Id",
    "Edit": "Edit Your Profile"
  },
  "StudentPackage": {
    "Packages": "Packages",
    "TeachersAssigned": "Teachers Assigned",
    "NumberofLectures": "Number of Lectures",
    "Amount": "Amount",
    "BookNow": "Book Now"
  },
  "StudentBooking": {
    "header": "Booking Table",
    "PackageName": "Package Name",
    "TeacherName": "Teacher Name",
    "Scheduled_Dates": "Scheduled_Dates",
    "Status": "Status",
    "JoinButton": "Join Button",
    "Action": "Action",
    "footer": "No Bookings available",
    "JoinRoom":"JoinRoom"
  },
  "Studentpayment": {
    "header": "Payment Table",
    "PackageName": "Package Name",
    "CourseName": "Course Name",
    "TeachersName": "Teacher's Name",
    "StudentName": "Student Name",
    "Status": "Status",
    "Amount": "Amount",
    "Method": "Method",
    "Invoice": "Invoice"
  },
  "StudentEnquiry": {
    "header": "Enquiry Students Table",
    "AddEnquiry": "Add Enquiry",
    "Name": "Name",
    "Email": "Email",
    "Message": "Message"
  },
  "TeacherProfile": {
    "Email": "Email",
    "Address": "Address",
    "Phone": "Phone",
    "Description": "Description",
    "ShortTitle": "Short Title",
    "Availability": "Availability",
    "TimeZone": "Time Zone",
    "TimeZoneselect": "Select Time Zone",
    "EditAvailability": "Edit Availability"
  },
  "TeacherDash": {
    "head": "Teacher Dashboard",
    "Subhead1": "Total Income",
    "Subhead2": "Total Lectures",
    "Subhead3": "Complete Sessions",
    "Subhead4": "Remaining Sessions",
    "Subhead5": "Cancelled Sessions",
    "Meetings": "Meetings",
    "Meetingshead1": "Student Name",
    "Meetingshead2": "Scheduled_Dates",
    "Meetingshead3": "Status",
    "Meetingshead4": "Join Button",
    "JoinRoom": "Join Room",
    "YourMaterial": "Your Material",
    "footer": "No Bookings available",
    "Events": "Events - 2023 to 2024"
  },
  "TeacherDashboard": {
    "head": "Speakable English",
    "panel": "Welcome to Teachers Panel !",
    "subhead1": "Dashboard",
    "subhead2": "Profile",
    "subhead3": "Courses",
    "subhead4": "Bookings",
    "subhead5": "Logout",
    "Menu": "Menu",
    "Close": "Close"
  },
  "TeacherCourses": {
    "head": "Your Assigned Courses"
  },
  "TeacherBookings": {
    "head": "Booking Table",
    "Meetingshead1": "Student Name",
    "Meetingshead2": "Scheduled_Dates",
    "Meetingshead3": "Status",
    "Meetingshead4": "Join Button",
    "JoinRoom": "Join Room",
    "footer": "No Bookings available"
  },
  "AdminDashboard": {
    "heading": "Speakable English",
    "panel": "Welcome Admin !",
    "subheading1": "Dashboard",
    "subheading2": "Teachers",
    "subheading3": "Students",
    "subheading4": "Courses",
    "subheading5": "Bookings",
    "subheading6": "Enquiries",
    "subheading7": "Payments",
    "subheading8": "Packages",
    "subheading9": "Logout",
    "subheading10": "Menu",
    "subheading11": "Close"
  },
  "AdminDash": {
    "head": "My Dashboard",
    "panel": "Welcome To Speakable English",
    "subheading1": "12th Top Of the Year, 2024",
    "subheading2": "Students",
    "subheading3": "Teachers",
    "subheading4": "Total Income",
    "subheading5": "Student List",
    "subtable1": "Name",
    "subtable2": "Email",
    "subtable3": "Phone Number"
  },
  "AdminTeachers": {
    "heading": "Teachers Table",
    "Addteacher": "Add Teachers",
    "Profile": "Profile",
    "footer": "No teachers available.",
    "placeholder": "Search by Teacher Name.."
  },
  "AdminStudent": {
    "heading": "Students Table",
    "AddStudent": "Add Students",
    "Profile": "Profile",
    "footer": "No students available.",
    "placeholder": "Search by Student Name.."
  },
  "AdminCourses": {
    "heading": "Your Assigned Courses",
    "Addcourses": "Add Course",
    "teachers": "Teachers Assigned",
    "editcourses": "Edit Course",
    "deletecourses": "Delete Course",
    "footer": "No courses available.",
    "placeholder": "Search by Course Name.."
  },
  "AdminBookings": {
    "heading": "Booking Table",
    "subheading1": "Package Name",
    "subheading2": "Student Name",
    "subheading3": "Teacher Name",
    "subheading4": "Status",
    "subheading5": "Scheduled Date",
    "subheading6": "Actions",
    "subheading7": "Join Button",
    "subheading8": "Join Room",
    "footer": "No Bookings Available.",
    "placeholder": "Search by Student Name.."
  },
  "AdminEnquiries": {
    "heading": "Enquiry Students Table",
    "subheading1": "Name",
    "subheading2": "Email",
    "subheading3": "Message",
    "subheading4": "Actions",
    "footer": "No enquiries available",
    "placeholder": "Search by Name.."
  },
  "AdminPayments": {
    "heading": "Payments Table",
    "subheading1": "Package Name",
    "subheading2": "Course Name",
    "subheading3": "Teacher's Name",
    "subheading4": "Student Name",
    "subheading5": "Status",
    "subheading6": "Amount",
    "subheading7": "Method",
    "subheading8": "Invoice",
    "footer": "No payments available",
    "placeholder": "Search by Student Name.."
  },
  "AdminPackages": {
    "heading": "Packages Table",
    "subheading1": "Package Name",
    "subheading2": "Teacher's ID",
    "subheading3": "Teacher's Name",
    "subheading4": "Course ID",
    "subheading5": "Course Name",
    "subheading6": "Amount",
    "subheading7": "Number of Lectures",
    "subheading8": "is Free",
    "subheading9": "Actions",
    "footer": "No packages available.",
    "footerheader": "",
    "placeholder": "Search by Package Name..",
    "AddPackage":"AddPackage"
  },
  "AdminAddTeacher": {
    "header": "Add New Teacher",
    "Delete": "Delete",
    "SelectImage": "Select image file to upload.",
    "pl1": "Teacher First Name",
    "pl2": "Teacher Last Name",
    "pl3": "Description",
    "pl4": "Password",
    "pl5": "Address",
    "pl6": "shortTitle",
    "pl7": "Purchase Price",
    "pl8": "Email",
    "TimeZone": "Time Zone:",
    "SelectCourses": "Select Courses",
    "NEXT": "NEXT"
  },
  "AdminAddTeacherAvailability": {
    "header": "Add Teacher Availability",
    "TimeSlotsfor": "Time Slots for",
    "StartTime": "Start Time",
    "EndTime": "End Time",
    "AddTimeSlot": "Add Time Slot",
    "RepeatWeekly": "Repeat Weekly",
    "Close": "Close",
    "Submit": "Submit"
  },
  "AdminTeachersDetails": {
    "header": "Teacher Details",
    "CoursesAssigned": "Courses Assigned",
    "TotalEarning": "Total Earning",
    "TotalSessions": "Total Sessions",
    "CompletedSessions": "Completed Sessions",
    "PendingSessions": "Pending Sessions",
    "CancelledSessions": "Cancelled Sessions",
    "AboutME": "About ME",
    "EditTeacher": "Edit Teacher",
    "DeleteTeacher": "Delete Teacher"
  },
  "AdminEditTeacher": {
    "header": "Edit Teacher Profile",
    "Delete": "Delete",
    "selectimage": "Select image file to upload",
    "pl1": "Teacher First Name",
    "pl2": "Teacher Last Name",
    "pl3": "Description",
    "pl4": "Password",
    "pl5": "Address",
    "pl6": "shortTitle",
    "pl7": "Purchase Price",
    "pl8": "Email",
    "SelectCourses": "Select Courses",
    "TimeZone": "Time Zone",
    "SelectTimeZone": "Select Time Zone",
    "SelecttheDate": "Select the Date",
    "Availability": "Availability",
    "Edit": "Edit",
    "AddMoreAvailability": "Add More Availability",
    "DeleteEntireAvailability": "Delete Entire Availability",
    "AddAvailability": "Add Availability",
    "Submit": "Submit",
    "StartTime": "Start Time",
    "EndTime": "End Time"
  },
  "AdminStudentsDetails": {
    "header": "Student Details",
    "FirstName": "First Name",
    "LastName": "LastName",
    "Nickname": "Nickname",
    "TotalSessions": "Total Sessions",
    "CompletedSessions": "Completed Sessions",
    "RemainingSessions": "Remaining Sessions",
    "CancelledSessions": "Cancelled Sessions",
    "Edityourprofile": "Edit your profile",
    "DeleteStudent": "Delete Student"
  },
  "AdminEditStudent": {
    "header": "Edit Student Details",
    "Delete": "Delete",
    "Selectimage": "Select image file to upload",
    "StudentFirstName": "Student First Name",
    "StudentLastName": "Student Last Name",
    "StudentNickname": "Student Nickname",
    "Email": "Email",
    "Password": "Password",
    "PhoneNumber": "Phone Number",
    "Address": "Address",
    "Submit": "Submit"
  },
  "AdminAddStudents": {
    "header": "Add New Student",
    "Delete": "Delete",
    "Selectimage": "Select image file to upload.",
    "StudentFirstName": "Student First Name",
    "StudentLastName": "Student Last Name",
    "NickName": "Nick Name",
    "Email": "Email",
    "Password": "Password",
    "PhoneNumber": "Phone Number",
    "Address": "Address",
    "Submit": "Submit"
  },
  "AdminEditCourse": {
    "Delete": "Delete",
    "Selectimage": "Select image file to upload.",
    "CourseName": "Course Name",
    "Description": "Description",
    "SelectTeachers": "Select Teachers",
    "PurchasePrice": "Purchase Price",
    "Submit": "Submit"
  },
  "AdminAddCourses": {
    "AddNewCourses": "Add New Courses",
    "Delete": "Delete",
    "Selectimage": "Select image file to upload.",
    "CourseName": "CourseName",
    "Description": "Description",
    "SelectTeachers": "Select Teachers",
    "PurchasePrice": "Purchase Price",
    "Submit": "Submit"
  },
  "AccontantDashboard": {
    "header": "Speakable English",
    "panel": "Welcome to Accountnat Panel !",
    "Dashboard": "Dashboard",
    "Payments": "Payments",
    "Logout": "Logout",
    "Menu": "Menu",
    "Close": "Close"
  },
  "AccontantDash": {
    "header": "Accountant Dashboard",
    "TotalIncome": "Total Income",
    "PackagesIncome": "Packages Income",
    "SessionIncome": "Session Income",
    "TodysIncome": "Today's Income",
    "MonthIncome": "Month Income",
    "Payments": "Payments",
    "pl1": "Sr. No.",
    "pl2": "Course Name",
    "pl3": "Teacher's Name",
    "pl4": "Student Name",
    "pl5": "Status",
    "pl6": "Amount",
    "pl7": "Method",
    "pl8": "Invoice",
    "footer":"No Bookings available",
    "Event":"Events - 2023 to 2024"
  },
  "AccontantPayment":{
    "header": "Payment Table",
    "pl1": "Sr. No.",
    "pl2": "Package_Name",
    "pl3": "Course Name",
    "pl4": "Teacher's Name",
    "pl5": "Student Name",
    "pl6": "Status",
    "pl7": "Amount",
    "pl8": "Method",
    "pl9": "Invoice"
  },
  "Home":{
    "header":"Efficient Learning Methods",
    "headerpara1":"Lorem ipsum dolor sit amet, consectetur adipiscing elit, sed do eiusmod tempor incididunt ut labore et dolore magna aliqua.Ut enim ad minim",
    "headerbtn1":"Let's chat",
    "headerhead1":"Distance Learning Education Center",
    "headerpara2":"Lorem ipsum dolor sit amet, consectetur adipiscing elit, sed do eiusmod tempor incididunt ut labore et dolore magna aliqua. Ut enim ad minim",
    "headerbtn2":"Discover more",
    "headerhead2":"Start your journey with our practical courses",
    "headerpara3":"Lorem ipsum dolor sit amet, consectetur adipiscing elit, sed do eiusmod tempor incididunt ut labore et dolore magna aliqua. Ut enim ad minim",
    "headerbtn3":"Take a course"
  },
  "AdminEditBooking":{
    "header":"Select Status",
    "SelectStatus":"Select Status",
    "Edit":"Edit",
    "Delete":"Delete",
    "Submit":"Submit",
    "StartTime":"Start Time",
    "EndTime":"End Time"
  },
  "AdminAddPackage":{
    "header":"Name of the Package",
    "SelectTeacher":"Select Teacher",
    "SelectCourse":"Select Course",
    "NumberofLectures":"Number of Lectures",
    "MakeThis":"Make This Package a Free Trial",
    "Submit":"Submit"
  },
  "EditStudentProfile":{
    "Delete":"Delete",
    "Selectimage":"Select image file to upload.",
    "FirstName":"First Name",
    "LastName":"Last Name",
    "NickName":"Nick Name",
    "Email":"Email",
    "Password":"Password",
    "PhoneNumber":"Phone Number",
    "Address":"Address",
    "Submit":"Submit"
  },
  "EditPackageTeacher":{
    "PleaseSelect":"Please Select Teachers and their Availability",
    "NameOftheteacher":"Name Of the teacher",
    "TeacherDescription":"Teacher Description",
    "Email":"Email",
    "SelectTeacher":"SelectTeacher",
    "AvailableSlots":"Available Slots",
    "PleaseSelectaTeacherFirst":"Please Select a Teacher First",
    "SelectedSlots":"Selected Slots",
    "Delete":"Delete",
    "Noslotselected":"No slot selected",
    "CheckDetails":"CheckDetails"
  },
  "CheckDetails":{
    "OrderDetails":"Order Details",
    "UserInfo":"User Info",
    "Username":"Username",
    "Email":"Email",
    "PhoneNo":"Phone No",
    "NameofCompany":"Name of Company",
    "NIP":"NIP",
    "Country":"Country",
    "State":"State",
    "City":"City",
    "Street":"Street",
    "YourOrder":"Your Order",
    "PackageName":"Package Name",
    "AmountPayable":"Amount Payable",
    "IReadandacceptRules":"I Read and accept Rules",
    "Iread":"I read and confirm you agree to our privacy policy."
  },
  "EditBooking":{
    "heading":"ReSchedule Booking in Which Teacher are Available",
    "Submit":"Submit"
  },
  "FillEmailPopup":{
    "heading":"Please Provide Your Register Email",
    "Email":"Email",
    "Submit":"Submit",
    "Close":"Close"
  },
  "FillOTPPopup":{
    "heading":"Please Provide Your OTP",
    "EnterOTP":"Enter OTP",
    "Submit":"Submit",
    "Close":"Close"
  },
  "FillResetPasswordPopup":{
    "heading":"Please Reset Your Password",
    "New_Password":"Enter New_Password",
    "ConfirmNewPassword":"Confirm New Password",
    "Submit":"Submit",
    "Close":"Close"
  }
}
