{
  "header": {
    "Home": "Dom",
    "Courses": "Kursy",
    "Teacher": "Nauczyciel",
    "About": "O",
    "OurTeachers": "Nasi Nauczyciele",
    "Reviews": "Opinie",
    "Contact": "Kontakt",
    "Signup": "Zapisać się",
    "Signin": "Zalogować się",
    "Meetourteam": "Poznaj naszych zespół"
  },
  "About": {
    "Signuptoday": "Zarejestruj się już dzisiaj!",
    "Fullname": "imię i nazwisko",
    "FirstName": "Imię",
    "lastName": "Nazwisko",
    "NickName": "Przezwisko",
    "YourEmailaddress": "Twój adres email",
    "YourPassowrd": "Twoje hasło",
    "GetStarted": "Zaczynaj",
    "leftheading": "Rozpocznij swoją drogę do lepszego życia",
    "leftSub1": "Darmowa lekcja",
    "leftSubpara1": "Przy rejestracji oferujemy dostęp do jednej lekcji z wybranego kursu całkowicie za darmo. To doskonała okazja, aby przekonać się, jak nasze praktyczne szkolenia mogą przyczynić się do Twojego rozwoju, bez żadnych zobowiązań finansowych.",
    "leftSub2": "Profesjonalni Nauczyciele",
    "leftSubpara2": "Nasi doświadczeni nauczyciele poprowadzą Cię przez każdy etap nauki, zapewniając wiedzę i umiejętności niezbędne do osiągnięcia sukcesu w Twojej branży. Oferujemy lekcje na dowolnym poziomie języka, pozwalające na rozwój osobisty i zawodowy.",
    "leftSub3": "Bezpłatna Przestrzeń Dyskowa",
    "leftSubpara3": "Zapewniamy każdemu uczestnikowi naszych kursów bezpłatną przestrzeń dyskową. Jest to doskonałe rozwiązanie do przechowywania materiałów edukacyjnych, prac domowych oraz projektów. Dzięki temu, masz możliwość wygodnego dostępu do swoich zasobów w dowolnym miejscu i czasie, co sprzyja efektywnej nauce i lepszej organizacji materiału."
  },
  "Reviews": {
    "heading": "Recenzje naszych uczniów",
    "subheading": "z całego świata",
    "Review1_Name": "Takuya",
    "Review1_Designation": "Dyrektor artystyczny",
    "Review1_Content": "Dobra atmosfera i skuteczna metoda nauczania. Jestem bardzo zadowolony!",
    "Review2_Name": "Isabelle",
    "Review2_Designation": "student",
    "Review2_Content": "Studentka, Opinia: Świetna szkoła, nauczyciele są bardzo profesjonalni i pomocni. Gorąco polecam",
    "Review3_Name": "Justyna",
    "Review3_Designation": "Lekarz",
    "Review3_Content": "Zajęcia są angażujące, a atmosfera wspierająca. Uwielbiam tę szkołę."
  },
  "Contact": {
    "heading": "Skontaktuj się z nami",
    "subheading": "Kochamy rozmowy. Pozwól nam porozmawiać!",
    "EnterFullName": "Wpisz pełne imię i nazwisko",
    "EnterEmail": "Wprowadź adres e-mail",
    "message": "Napisz swoją wiadomość",
    "SendMessage": "Wyślij wiadomość"
  },
  "Foot": {
    "Contactinfo": "Informacje kontaktowe",
    "Receivenews!": "Otrzymuj nowości !",
    "Enteryouremail": "Wprowadź swój email",
    "Sendme": "Wyślij mi",
    "footerspam": "* Uwaga! Nie wysyłamy spamu!",
    "Refund": "Zasady i warunki współpracy",
    "Privacy": "Polityka prywatności",
    "Headquarter": "Siedziba Firmy"
  },
  "Teacher": {
    "BookAFreeTrial": "Zarezerwuj bezpłatną lekcję"
  },
  "Signupform": {
    "heading": "Zarejestruj się!",
    "firstName": "imię",
    "lastName": "nazwisko",
    "Nickname": "Przezwisko",
    "Email": "E-mail",
    "Password": "Hasło",
    "SignUp": "Zapisać się",
    "Close": "Zamknąć"
  },
  "Signinform": {
    "heading": "Zalogować się",
    "Email": "E-mail",
    "Password": "Hasło",
    "Forgot": "Zapomniałeś hasła ?",
    "Recover": "Odzyskaj teraz",
    "Submit": "Składać",
    "Close": "Zamknąć"
  },
  "StudentDash": {
    "heading": "Możliwość mówienia po angielsku",
    "panel": "Witamy w Panelu Studenckim!",
    "panelheading1": "Panel",
    "panelheading2": "Profil",
    "panelheading3": "Pakiety",
    "panelheading4": "Rezerwacje",
    "panelheading5": "Płatności",
    "panelheading6": "Zapytania",
    "panelheading7": "Wyloguj",
    "panelheading8": "Menu",
    "Close": "Zamknąć",
    "upperhead1": "Panel studenta",
    "upperhead2": "Razem wykłady",
    "upperhead3": "Kompletne sesje",
    "upperhead4": "Pozostałe sesje",
    "upperhead5": "Odwołane sesje",
    "tableheading1": "Imię nauczyciela",
    "tableheading2": "Zaplanowane_Daty",
    "tableheading3": "Status",
    "tableheading4": "Przycisk Dołącz"
  },
  "StudentProfile": {
    "FirstName": "Imię",
    "LastName": "Nazwisko",
    "Nickname": "Przezwisko",
    "hasOwncloudAccount": "ma konto Owncloud",
    "Email": "E-mail",
    "Address": "Adres",
    "Phone": "Telefon",
    "StudentId": "Legitymacja studencka",
    "Edit": "Edytuj swój profil"
  },
  "StudentPackage": {
    "Packages": "Pakiety",
    "TeachersAssigned": "Nauczyciele przydzieleni",
    "NumberofLectures": "Liczba wykładów",
    "Amount": "Kwota",
    "BookNow": "Rezerwuj teraz"
  },
  "StudentBooking": {
    "header": "Booking Table",
    "PackageName": "Nazwa pakietu",
    "TeacherName": "Imię nauczyciela",
    "Scheduled_Dates": "Zaplanowane_Daty",
    "Status": "Status",
    "JoinButton": "Przycisk Dołącz",
    "Action": "Działanie",
    "FOOTER": "Brak dostępnych rezerwacji"
  },
  "Studentpayment": {
    "header": "Tabela płatności",
    "PackageName": "Nazwa pakietu",
    "CourseName": "Nazwa kursu",
    "TeachersName": "Imię nauczyciela",
    "StudentName": "Imię ucznia",
    "Status": "Status",
    "Amount": "Kwota",
    "Method": "metoda",
    "Invoice": "Faktura"
  },
  "StudentEnquiry": {
    "header": "Zapytanie o tabelę uczniów",
    "AddEnquiry": "Dodaj zapytanie",
    "Name": "Nazwa",
    "Email": "E-mail",
    "Message": "Wiadomość"
  },
  "TeacherProfile": {
    "Email": "E-mail",
    "Address": "Adres",
    "Phone": "Telefon",
    "Description": "Opis",
    "ShortTitle": "Krótki tytuł",
    "Availability": "Dostępność",
    "TimeZone": "Strefa czasowa",
    "TimeZoneselect": "Wybierz Strefa czasowa",
    "EditAvailability": "Edytuj dostępność"
  },
  "TeacherDash": {
    "head": "Panel nauczyciela",
    "Subhead1": "Całkowity przychód",
    "Subhead2": "Razem wykłady",
    "Subhead3": "Kompletne sesje",
    "Subhead4": "Pozostałe sesje",
    "Subhead5": "Odwołane sesje",
    "Meetings": "Spotkania",
    "Meetingshead1": "Imię ucznia",
    "Meetingshead2": "Zaplanowane_Daty",
    "Meetingshead3": "Status",
    "Meetingshead4": "Przycisk Dołącz",
    "JoinRoom": "Dołącz do pokoju",
    "YourMaterial": "Twój materiał",
    "footer": "Brak dostępnych rezerwacji",
    "Events": "Wydarzenia - 2023 do 2024"
  },
  "TeacherDashboard": {
    "head": "Możliwość mówienia po angielsku",
    "panel": "Witamy w Panelu Nauczycieli!",
    "subhead1": "Panel",
    "subhead2": "Profil",
    "subhead3": "Kursy",
    "subhead4": "Rezerwacje",
    "subhead5": "Wyloguj",
    "Menu": "Menu",
    "Close": "Zamknąć"
  },
  "TeacherCourses": {
    "head": "Twoje przydzielone kursy"
  },
  "TeacherBookings": {
    "head": "Tabela rezerwacji",
    "Meetingshead1": "Imię ucznia",
    "Meetingshead2": "Zaplanowane_Daty",
    "Meetingshead3": "Status",
    "Meetingshead4": "Przycisk Dołącz",
    "JoinRoom": "Dołącz do pokoju",
    "footer": "Brak dostępnych rezerwacji"
  },
  "AdminDashboard": {
    "heading": "Możliwość mówienia po angielsku",
    "panel": "Witaj Adminie !",
    "subheading1": "Panel",
    "subheading2": "Nauczyciele",
    "subheading3": "Studenci",
    "subheading4": "Kursy",
    "subheading5": "Rezerwacje",
    "subheading6": "Zapytania",
    "subheading7": "Płatności",
    "subheading8": "Pakiety",
    "subheading9": "Wyloguj",
    "subheading10": "Menu",
    "subheading11": "Zamknąć"
  },
  "AdminDash": {
    "head": "moja tablica",
    "panel": "Witamy w Speakable English",
    "subheading1": "12. szczyt roku 2024",
    "subheading2": "Studenci",
    "subheading3": "Nauczyciele",
    "subheading4": "Całkowity przychód",
    "subheading5": "Lista studentów",
    "subtable1": "Nazwa",
    "subtable2": "E-mail",
    "subtable3": "Numer telefonu"
  },
  "AdminTeachers": {
    "heading": "Tabela nauczycieli",
    "Addteacher": "Dodaj nauczycieli",
    "Profile": "Profil",
    "footer": "Brak nauczycieli."
  },
  "AdminStudent": {
    "heading": "Stół Studentów",
    "AddStudent": "Dodaj uczniów",
    "Profile": "Profil",
    "footer": "Brak dostępnych studentów."
  },
  "AdminCourses": {
    "heading": "Twoje przydzielone kursy",
    "Addcourses": "Dodaj kurs",
    "teachers": "Nauczyciele przydzieleni",
    "editcourses": "Edytuj kurs",
    "deletecourses": "Usuń kurs",
    "footer": "Brak dostępnych kursów."
  },
  "AdminBookings": {
    "heading": "Tabela rezerwacji",
    "subheading1": "Nazwa pakietu",
    "subheading2": "Imię ucznia",
    "subheading3": "Imię nauczyciela",
    "subheading4": "Status",
    "subheading5": "Zaplanowana data",
    "subheading6": "działania",
    "subheading7": "Przycisk Dołącz",
    "subheading8": "Dołącz do pokoju",
    "footer": "Brak dostępnych rezerwacji."
  },
  "AdminEnquiries": {
    "heading": "Zapytanie o tabelę uczniów",
    "subheading1": "Nazwa",
    "subheading2": "E-mail",
    "subheading3": "Wiadomość",
    "subheading4": "działania",
    "footer": "Brak dostępnych zapytań"
  },
  "AdminPayments": {
    "heading": "Tabela płatności",
    "subheading1": "Nazwa pakietu",
    "subheading2": "Nazwa kursu",
    "subheading3": "Imię nauczyciela",
    "subheading4": "Imię ucznia",
    "subheading5": "Status",
    "subheading6": "Kwota",
    "subheading7": "metoda",
    "subheading8": "Faktura",
    "footer": "Brak dostępnych płatności"
  },
  "AdminPackages": {
    "heading": "Tabela pakietów",
    "subheading1": "Nazwa pakietu",
    "subheading2": "Identyfikator nauczyciela",
    "subheading3": "Imię nauczyciela",
    "subheading4": "Identyfikator kursu",
    "subheading5": "Nazwa kursu",
    "subheading6": "Kwota",
    "subheading7": "Liczba wykładów",
    "subheading8": "jest wolny",
    "subheading9": "działania",
    "footer": "Brak dostępnych pakietów."
  }
}
